{"lr": 0.00013066444101542295, "weight_decay": 1.2506102658045072e-06, "focal_gamma": 1.2848991416048825, "batch_size": 16}